{"cameraMode":{"drawMode":0,"name":"Shaded","section":"Shading Mode"},"sceneLighting":false,"audioPlay":false,"sceneViewState":{"m_AlwaysRefresh":false,"showFog":true,"showSkybox":false,"showFlares":true,"showImageEffects":true,"showParticleSystems":true,"showVisualEffectGraphs":true,"m_FxEnabled":false},"in2DMode":false,"pivot":{"x":2.9663991928100588,"y":2.0176873207092287,"z":-1.3193329572677613},"rotation":{"x":0.003025712678208947,"y":0.9940386414527893,"z":-0.10507100075483322,"w":0.028636882081627847},"size":0.18371184170246125,"orthographic":false}