{"cameraMode":{"drawMode":0,"name":"Shaded","section":"Shading Mode"},"sceneLighting":false,"audioPlay":false,"sceneViewState":{"m_AlwaysRefresh":false,"showFog":true,"showSkybox":true,"showFlares":true,"showImageEffects":true,"showParticleSystems":true,"showVisualEffectGraphs":true,"m_FxEnabled":false},"in2DMode":false,"pivot":{"x":23.601930618286134,"y":2.491032123565674,"z":15.896490097045899},"rotation":{"x":0.005111294332891703,"y":0.393311470746994,"z":-0.0021880893036723139,"w":0.9193682670593262},"size":22.56351089477539,"orthographic":false}